fiscal_year,quarter,loan_type,metric,value,source_file,fiscal_period,total_outstanding_bn_all_types
2014,Q2,Stafford Subsidized,dollars_outstanding_bn,255.3,PortfoliobyLoanType.xls,2014_Q2,1693.9
2014,Q2,Stafford Subsidized,recipients_mm,28.2,PortfoliobyLoanType.xls,2014_Q2,1693.9
2014,Q2,Stafford Unsubsidized,dollars_outstanding_bn,350.7,PortfoliobyLoanType.xls,2014_Q2,1693.9
2014,Q2,Stafford Unsubsidized,recipients_mm,25.5,PortfoliobyLoanType.xls,2014_Q2,1693.9
2014,Q2,Stafford (Combined),dollars_outstanding_bn,606.0,PortfoliobyLoanType.xls,2014_Q2,1693.9
2014,Q2,Stafford (Combined),unique_recipients_mm,30.7,PortfoliobyLoanType.xls,2014_Q2,1693.9
2014,Q2,Grad PLUS,dollars_outstanding_bn,37.8,PortfoliobyLoanType.xls,2014_Q2,1693.9
2014,Q2,Grad PLUS,recipients_mm,0.9,PortfoliobyLoanType.xls,2014_Q2,1693.9
2014,Q2,Parent PLUS,dollars_outstanding_bn,62.2,PortfoliobyLoanType.xls,2014_Q2,1693.9
2014,Q2,Parent PLUS,recipients_mm,3.1,PortfoliobyLoanType.xls,2014_Q2,1693.9
2014,Q2,Perkins,dollars_outstanding_bn,8.3,PortfoliobyLoanType.xls,2014_Q2,1693.9
2014,Q2,Perkins,recipients_mm,3.0,PortfoliobyLoanType.xls,2014_Q2,1693.9
2014,Q2,Consolidation,dollars_outstanding_bn,373.6,PortfoliobyLoanType.xls,2014_Q2,1693.9
2014,Q2,Consolidation,recipients_mm,11.8,PortfoliobyLoanType.xls,2014_Q2,1693.9
2014,Q3,Stafford Subsidized,dollars_outstanding_bn,254.1,PortfoliobyLoanType.xls,2014_Q3,1705.9
2014,Q3,Stafford Subsidized,recipients_mm,28.0,PortfoliobyLoanType.xls,2014_Q3,1705.9
2014,Q3,Stafford Unsubsidized,dollars_outstanding_bn,355.1,PortfoliobyLoanType.xls,2014_Q3,1705.9
2014,Q3,Stafford Unsubsidized,recipients_mm,25.5,PortfoliobyLoanType.xls,2014_Q3,1705.9
2014,Q3,Stafford (Combined),dollars_outstanding_bn,609.2,PortfoliobyLoanType.xls,2014_Q3,1705.9
2014,Q3,Stafford (Combined),unique_recipients_mm,30.5,PortfoliobyLoanType.xls,2014_Q3,1705.9
2014,Q3,Grad PLUS,dollars_outstanding_bn,38.6,PortfoliobyLoanType.xls,2014_Q3,1705.9
2014,Q3,Grad PLUS,recipients_mm,0.9,PortfoliobyLoanType.xls,2014_Q3,1705.9
2014,Q3,Parent PLUS,dollars_outstanding_bn,61.9,PortfoliobyLoanType.xls,2014_Q3,1705.9
2014,Q3,Parent PLUS,recipients_mm,3.1,PortfoliobyLoanType.xls,2014_Q3,1705.9
2014,Q3,Perkins,dollars_outstanding_bn,8.2,PortfoliobyLoanType.xls,2014_Q3,1705.9
2014,Q3,Perkins,recipients_mm,2.9,PortfoliobyLoanType.xls,2014_Q3,1705.9
2014,Q3,Consolidation,dollars_outstanding_bn,378.8,PortfoliobyLoanType.xls,2014_Q3,1705.9
2014,Q3,Consolidation,recipients_mm,11.8,PortfoliobyLoanType.xls,2014_Q3,1705.9
2014,Q4,Stafford Subsidized,dollars_outstanding_bn,258.8,PortfoliobyLoanType.xls,2014_Q4,1759.6000000000001
2014,Q4,Stafford Subsidized,recipients_mm,28.7,PortfoliobyLoanType.xls,2014_Q4,1759.6000000000001
2014,Q4,Stafford Unsubsidized,dollars_outstanding_bn,370.8,PortfoliobyLoanType.xls,2014_Q4,1759.6000000000001
2014,Q4,Stafford Unsubsidized,recipients_mm,26.3,PortfoliobyLoanType.xls,2014_Q4,1759.6000000000001
2014,Q4,Stafford (Combined),dollars_outstanding_bn,629.7,PortfoliobyLoanType.xls,2014_Q4,1759.6000000000001
2014,Q4,Stafford (Combined),unique_recipients_mm,31.4,PortfoliobyLoanType.xls,2014_Q4,1759.6000000000001
2014,Q4,Grad PLUS,dollars_outstanding_bn,41.2,PortfoliobyLoanType.xls,2014_Q4,1759.6000000000001
2014,Q4,Grad PLUS,recipients_mm,1.0,PortfoliobyLoanType.xls,2014_Q4,1759.6000000000001
2014,Q4,Parent PLUS,dollars_outstanding_bn,65.1,PortfoliobyLoanType.xls,2014_Q4,1759.6000000000001
2014,Q4,Parent PLUS,recipients_mm,3.2,PortfoliobyLoanType.xls,2014_Q4,1759.6000000000001
2014,Q4,Perkins,dollars_outstanding_bn,8.2,PortfoliobyLoanType.xls,2014_Q4,1759.6000000000001
2014,Q4,Perkins,recipients_mm,2.9,PortfoliobyLoanType.xls,2014_Q4,1759.6000000000001
2014,Q4,Consolidation,dollars_outstanding_bn,385.8,PortfoliobyLoanType.xls,2014_Q4,1759.6000000000001
2014,Q4,Consolidation,recipients_mm,11.8,PortfoliobyLoanType.xls,2014_Q4,1759.6000000000001
2015,Q1,Stafford Subsidized,dollars_outstanding_bn,258.0,PortfoliobyLoanType.xls,2015_Q1,1771.0
2015,Q1,Stafford Subsidized,recipients_mm,28.9,PortfoliobyLoanType.xls,2015_Q1,1771.0
2015,Q1,Stafford Unsubsidized,dollars_outstanding_bn,373.0,PortfoliobyLoanType.xls,2015_Q1,1771.0
2015,Q1,Stafford Unsubsidized,recipients_mm,26.6,PortfoliobyLoanType.xls,2015_Q1,1771.0
2015,Q1,Stafford (Combined),dollars_outstanding_bn,630.9,PortfoliobyLoanType.xls,2015_Q1,1771.0
2015,Q1,Stafford (Combined),unique_recipients_mm,31.7,PortfoliobyLoanType.xls,2015_Q1,1771.0
2015,Q1,Grad PLUS,dollars_outstanding_bn,40.9,PortfoliobyLoanType.xls,2015_Q1,1771.0
2015,Q1,Grad PLUS,recipients_mm,1.0,PortfoliobyLoanType.xls,2015_Q1,1771.0
2015,Q1,Parent PLUS,dollars_outstanding_bn,65.1,PortfoliobyLoanType.xls,2015_Q1,1771.0
2015,Q1,Parent PLUS,recipients_mm,3.2,PortfoliobyLoanType.xls,2015_Q1,1771.0
2015,Q1,Perkins,dollars_outstanding_bn,8.2,PortfoliobyLoanType.xls,2015_Q1,1771.0
2015,Q1,Perkins,recipients_mm,3.0,PortfoliobyLoanType.xls,2015_Q1,1771.0
2015,Q1,Consolidation,dollars_outstanding_bn,394.9,PortfoliobyLoanType.xls,2015_Q1,1771.0
2015,Q1,Consolidation,recipients_mm,11.9,PortfoliobyLoanType.xls,2015_Q1,1771.0
2015,Q2,Stafford Subsidized,dollars_outstanding_bn,262.9,PortfoliobyLoanType.xls,2015_Q2,1825.8
2015,Q2,Stafford Subsidized,recipients_mm,28.8,PortfoliobyLoanType.xls,2015_Q2,1825.8
2015,Q2,Stafford Unsubsidized,dollars_outstanding_bn,388.4,PortfoliobyLoanType.xls,2015_Q2,1825.8
2015,Q2,Stafford Unsubsidized,recipients_mm,26.5,PortfoliobyLoanType.xls,2015_Q2,1825.8
2015,Q2,Stafford (Combined),dollars_outstanding_bn,651.3,PortfoliobyLoanType.xls,2015_Q2,1825.8
2015,Q2,Stafford (Combined),unique_recipients_mm,31.5,PortfoliobyLoanType.xls,2015_Q2,1825.8
2015,Q2,Grad PLUS,dollars_outstanding_bn,43.4,PortfoliobyLoanType.xls,2015_Q2,1825.8
2015,Q2,Grad PLUS,recipients_mm,1.0,PortfoliobyLoanType.xls,2015_Q2,1825.8
2015,Q2,Parent PLUS,dollars_outstanding_bn,68.7,PortfoliobyLoanType.xls,2015_Q2,1825.8
2015,Q2,Parent PLUS,recipients_mm,3.2,PortfoliobyLoanType.xls,2015_Q2,1825.8
2015,Q2,Perkins,dollars_outstanding_bn,8.3,PortfoliobyLoanType.xls,2015_Q2,1825.8
2015,Q2,Perkins,recipients_mm,2.9,PortfoliobyLoanType.xls,2015_Q2,1825.8
2015,Q2,Consolidation,dollars_outstanding_bn,402.8,PortfoliobyLoanType.xls,2015_Q2,1825.8
2015,Q2,Consolidation,recipients_mm,11.9,PortfoliobyLoanType.xls,2015_Q2,1825.8
2015,Q3,Stafford Subsidized,dollars_outstanding_bn,260.7,PortfoliobyLoanType.xls,2015_Q3,1833.7
2015,Q3,Stafford Subsidized,recipients_mm,28.5,PortfoliobyLoanType.xls,2015_Q3,1833.7
2015,Q3,Stafford Unsubsidized,dollars_outstanding_bn,390.8,PortfoliobyLoanType.xls,2015_Q3,1833.7
2015,Q3,Stafford Unsubsidized,recipients_mm,26.4,PortfoliobyLoanType.xls,2015_Q3,1833.7
2015,Q3,Stafford (Combined),dollars_outstanding_bn,651.6,PortfoliobyLoanType.xls,2015_Q3,1833.7
2015,Q3,Stafford (Combined),unique_recipients_mm,31.3,PortfoliobyLoanType.xls,2015_Q3,1833.7
2015,Q3,Grad PLUS,dollars_outstanding_bn,44.1,PortfoliobyLoanType.xls,2015_Q3,1833.7
2015,Q3,Grad PLUS,recipients_mm,1.0,PortfoliobyLoanType.xls,2015_Q3,1833.7
2015,Q3,Parent PLUS,dollars_outstanding_bn,68.0,PortfoliobyLoanType.xls,2015_Q3,1833.7
2015,Q3,Parent PLUS,recipients_mm,3.1,PortfoliobyLoanType.xls,2015_Q3,1833.7
2015,Q3,Perkins,dollars_outstanding_bn,8.2,PortfoliobyLoanType.xls,2015_Q3,1833.7
2015,Q3,Perkins,recipients_mm,2.9,PortfoliobyLoanType.xls,2015_Q3,1833.7
2015,Q3,Consolidation,dollars_outstanding_bn,410.3,PortfoliobyLoanType.xls,2015_Q3,1833.7
2015,Q3,Consolidation,recipients_mm,11.9,PortfoliobyLoanType.xls,2015_Q3,1833.7
2015,Q4,Stafford Subsidized,dollars_outstanding_bn,264.8,PortfoliobyLoanType.xls,2015_Q4,1882.1000000000001
2015,Q4,Stafford Subsidized,recipients_mm,29.1,PortfoliobyLoanType.xls,2015_Q4,1882.1000000000001
2015,Q4,Stafford Unsubsidized,dollars_outstanding_bn,404.9,PortfoliobyLoanType.xls,2015_Q4,1882.1000000000001
2015,Q4,Stafford Unsubsidized,recipients_mm,27.1,PortfoliobyLoanType.xls,2015_Q4,1882.1000000000001
2015,Q4,Stafford (Combined),dollars_outstanding_bn,669.7,PortfoliobyLoanType.xls,2015_Q4,1882.1000000000001
2015,Q4,Stafford (Combined),unique_recipients_mm,32.1,PortfoliobyLoanType.xls,2015_Q4,1882.1000000000001
2015,Q4,Grad PLUS,dollars_outstanding_bn,46.8,PortfoliobyLoanType.xls,2015_Q4,1882.1000000000001
2015,Q4,Grad PLUS,recipients_mm,1.0,PortfoliobyLoanType.xls,2015_Q4,1882.1000000000001
2015,Q4,Parent PLUS,dollars_outstanding_bn,71.1,PortfoliobyLoanType.xls,2015_Q4,1882.1000000000001
2015,Q4,Parent PLUS,recipients_mm,3.3,PortfoliobyLoanType.xls,2015_Q4,1882.1000000000001
2015,Q4,Perkins,dollars_outstanding_bn,8.1,PortfoliobyLoanType.xls,2015_Q4,1882.1000000000001
2015,Q4,Perkins,recipients_mm,2.8,PortfoliobyLoanType.xls,2015_Q4,1882.1000000000001
2015,Q4,Consolidation,dollars_outstanding_bn,416.7,PortfoliobyLoanType.xls,2015_Q4,1882.1000000000001
2015,Q4,Consolidation,recipients_mm,11.9,PortfoliobyLoanType.xls,2015_Q4,1882.1000000000001
2016,Q1,Stafford Subsidized,dollars_outstanding_bn,264.1,PortfoliobyLoanType.xls,2016_Q1,1890.8000000000002
2016,Q1,Stafford Subsidized,recipients_mm,29.3,PortfoliobyLoanType.xls,2016_Q1,1890.8000000000002
2016,Q1,Stafford Unsubsidized,dollars_outstanding_bn,406.6,PortfoliobyLoanType.xls,2016_Q1,1890.8000000000002
2016,Q1,Stafford Unsubsidized,recipients_mm,27.3,PortfoliobyLoanType.xls,2016_Q1,1890.8000000000002
2016,Q1,Stafford (Combined),dollars_outstanding_bn,670.7,PortfoliobyLoanType.xls,2016_Q1,1890.8000000000002
2016,Q1,Stafford (Combined),unique_recipients_mm,32.2,PortfoliobyLoanType.xls,2016_Q1,1890.8000000000002
2016,Q1,Grad PLUS,dollars_outstanding_bn,46.6,PortfoliobyLoanType.xls,2016_Q1,1890.8000000000002
2016,Q1,Grad PLUS,recipients_mm,1.0,PortfoliobyLoanType.xls,2016_Q1,1890.8000000000002
2016,Q1,Parent PLUS,dollars_outstanding_bn,71.1,PortfoliobyLoanType.xls,2016_Q1,1890.8000000000002
2016,Q1,Parent PLUS,recipients_mm,3.4,PortfoliobyLoanType.xls,2016_Q1,1890.8000000000002
2016,Q1,Perkins,dollars_outstanding_bn,8.1,PortfoliobyLoanType.xls,2016_Q1,1890.8000000000002
2016,Q1,Perkins,recipients_mm,2.9,PortfoliobyLoanType.xls,2016_Q1,1890.8000000000002
2016,Q1,Consolidation,dollars_outstanding_bn,423.6,PortfoliobyLoanType.xls,2016_Q1,1890.8000000000002
2016,Q1,Consolidation,recipients_mm,12.0,PortfoliobyLoanType.xls,2016_Q1,1890.8000000000002
2016,Q2,Stafford Subsidized,dollars_outstanding_bn,269.0,PortfoliobyLoanType.xls,2016_Q2,1945.6
2016,Q2,Stafford Subsidized,recipients_mm,29.2,PortfoliobyLoanType.xls,2016_Q2,1945.6
2016,Q2,Stafford Unsubsidized,dollars_outstanding_bn,421.8,PortfoliobyLoanType.xls,2016_Q2,1945.6
2016,Q2,Stafford Unsubsidized,recipients_mm,27.3,PortfoliobyLoanType.xls,2016_Q2,1945.6
2016,Q2,Stafford (Combined),dollars_outstanding_bn,690.8,PortfoliobyLoanType.xls,2016_Q2,1945.6
2016,Q2,Stafford (Combined),unique_recipients_mm,32.1,PortfoliobyLoanType.xls,2016_Q2,1945.6
2016,Q2,Grad PLUS,dollars_outstanding_bn,49.4,PortfoliobyLoanType.xls,2016_Q2,1945.6
2016,Q2,Grad PLUS,recipients_mm,1.0,PortfoliobyLoanType.xls,2016_Q2,1945.6
2016,Q2,Parent PLUS,dollars_outstanding_bn,75.2,PortfoliobyLoanType.xls,2016_Q2,1945.6
2016,Q2,Parent PLUS,recipients_mm,3.3,PortfoliobyLoanType.xls,2016_Q2,1945.6
2016,Q2,Perkins,dollars_outstanding_bn,8.2,PortfoliobyLoanType.xls,2016_Q2,1945.6
2016,Q2,Perkins,recipients_mm,2.8,PortfoliobyLoanType.xls,2016_Q2,1945.6
2016,Q2,Consolidation,dollars_outstanding_bn,431.2,PortfoliobyLoanType.xls,2016_Q2,1945.6
2016,Q2,Consolidation,recipients_mm,12.0,PortfoliobyLoanType.xls,2016_Q2,1945.6
2016,Q3,Stafford Subsidized,dollars_outstanding_bn,266.7,PortfoliobyLoanType.xls,2016_Q3,1952.4
2016,Q3,Stafford Subsidized,recipients_mm,28.9,PortfoliobyLoanType.xls,2016_Q3,1952.4
2016,Q3,Stafford Unsubsidized,dollars_outstanding_bn,423.5,PortfoliobyLoanType.xls,2016_Q3,1952.4
2016,Q3,Stafford Unsubsidized,recipients_mm,27.1,PortfoliobyLoanType.xls,2016_Q3,1952.4
2016,Q3,Stafford (Combined),dollars_outstanding_bn,690.3,PortfoliobyLoanType.xls,2016_Q3,1952.4
2016,Q3,Stafford (Combined),unique_recipients_mm,31.9,PortfoliobyLoanType.xls,2016_Q3,1952.4
2016,Q3,Grad PLUS,dollars_outstanding_bn,50.2,PortfoliobyLoanType.xls,2016_Q3,1952.4
2016,Q3,Grad PLUS,recipients_mm,1.0,PortfoliobyLoanType.xls,2016_Q3,1952.4
2016,Q3,Parent PLUS,dollars_outstanding_bn,74.5,PortfoliobyLoanType.xls,2016_Q3,1952.4
2016,Q3,Parent PLUS,recipients_mm,3.3,PortfoliobyLoanType.xls,2016_Q3,1952.4
2016,Q3,Perkins,dollars_outstanding_bn,8.0,PortfoliobyLoanType.xls,2016_Q3,1952.4
2016,Q3,Perkins,recipients_mm,2.7,PortfoliobyLoanType.xls,2016_Q3,1952.4
2016,Q3,Consolidation,dollars_outstanding_bn,439.2,PortfoliobyLoanType.xls,2016_Q3,1952.4
2016,Q3,Consolidation,recipients_mm,12.0,PortfoliobyLoanType.xls,2016_Q3,1952.4
2016,Q4,Stafford Subsidized,dollars_outstanding_bn,270.1,PortfoliobyLoanType.xls,2016_Q4,1998.4
2016,Q4,Stafford Subsidized,recipients_mm,29.5,PortfoliobyLoanType.xls,2016_Q4,1998.4
2016,Q4,Stafford Unsubsidized,dollars_outstanding_bn,436.1,PortfoliobyLoanType.xls,2016_Q4,1998.4
2016,Q4,Stafford Unsubsidized,recipients_mm,27.8,PortfoliobyLoanType.xls,2016_Q4,1998.4
2016,Q4,Stafford (Combined),dollars_outstanding_bn,706.2,PortfoliobyLoanType.xls,2016_Q4,1998.4
2016,Q4,Stafford (Combined),unique_recipients_mm,32.6,PortfoliobyLoanType.xls,2016_Q4,1998.4
2016,Q4,Grad PLUS,dollars_outstanding_bn,53.0,PortfoliobyLoanType.xls,2016_Q4,1998.4
2016,Q4,Grad PLUS,recipients_mm,1.1,PortfoliobyLoanType.xls,2016_Q4,1998.4
2016,Q4,Parent PLUS,dollars_outstanding_bn,77.8,PortfoliobyLoanType.xls,2016_Q4,1998.4
2016,Q4,Parent PLUS,recipients_mm,3.5,PortfoliobyLoanType.xls,2016_Q4,1998.4
2016,Q4,Perkins,dollars_outstanding_bn,7.9,PortfoliobyLoanType.xls,2016_Q4,1998.4
2016,Q4,Perkins,recipients_mm,2.7,PortfoliobyLoanType.xls,2016_Q4,1998.4
2016,Q4,Consolidation,dollars_outstanding_bn,447.3,PortfoliobyLoanType.xls,2016_Q4,1998.4
2016,Q4,Consolidation,recipients_mm,12.0,PortfoliobyLoanType.xls,2016_Q4,1998.4
2017,Q1,Stafford Subsidized,dollars_outstanding_bn,268.8,PortfoliobyLoanType.xls,2017_Q1,2005.0
2017,Q1,Stafford Subsidized,recipients_mm,29.6,PortfoliobyLoanType.xls,2017_Q1,2005.0
2017,Q1,Stafford Unsubsidized,dollars_outstanding_bn,436.5,PortfoliobyLoanType.xls,2017_Q1,2005.0
2017,Q1,Stafford Unsubsidized,recipients_mm,28.0,PortfoliobyLoanType.xls,2017_Q1,2005.0
2017,Q1,Stafford (Combined),dollars_outstanding_bn,705.3,PortfoliobyLoanType.xls,2017_Q1,2005.0
2017,Q1,Stafford (Combined),unique_recipients_mm,32.8,PortfoliobyLoanType.xls,2017_Q1,2005.0
2017,Q1,Grad PLUS,dollars_outstanding_bn,52.8,PortfoliobyLoanType.xls,2017_Q1,2005.0
2017,Q1,Grad PLUS,recipients_mm,1.1,PortfoliobyLoanType.xls,2017_Q1,2005.0
2017,Q1,Parent PLUS,dollars_outstanding_bn,77.5,PortfoliobyLoanType.xls,2017_Q1,2005.0
2017,Q1,Parent PLUS,recipients_mm,3.5,PortfoliobyLoanType.xls,2017_Q1,2005.0
2017,Q1,Perkins,dollars_outstanding_bn,7.9,PortfoliobyLoanType.xls,2017_Q1,2005.0
2017,Q1,Perkins,recipients_mm,2.7,PortfoliobyLoanType.xls,2017_Q1,2005.0
2017,Q1,Consolidation,dollars_outstanding_bn,456.2,PortfoliobyLoanType.xls,2017_Q1,2005.0
2017,Q1,Consolidation,recipients_mm,12.0,PortfoliobyLoanType.xls,2017_Q1,2005.0
2017,Q2,Stafford Subsidized,dollars_outstanding_bn,272.5,PortfoliobyLoanType.xls,2017_Q2,2053.9
2017,Q2,Stafford Subsidized,recipients_mm,29.4,PortfoliobyLoanType.xls,2017_Q2,2053.9
2017,Q2,Stafford Unsubsidized,dollars_outstanding_bn,449.6,PortfoliobyLoanType.xls,2017_Q2,2053.9
2017,Q2,Stafford Unsubsidized,recipients_mm,27.9,PortfoliobyLoanType.xls,2017_Q2,2053.9
2017,Q2,Stafford (Combined),dollars_outstanding_bn,722.2,PortfoliobyLoanType.xls,2017_Q2,2053.9
2017,Q2,Stafford (Combined),unique_recipients_mm,32.6,PortfoliobyLoanType.xls,2017_Q2,2053.9
2017,Q2,Grad PLUS,dollars_outstanding_bn,55.7,PortfoliobyLoanType.xls,2017_Q2,2053.9
2017,Q2,Grad PLUS,recipients_mm,1.1,PortfoliobyLoanType.xls,2017_Q2,2053.9
2017,Q2,Parent PLUS,dollars_outstanding_bn,81.5,PortfoliobyLoanType.xls,2017_Q2,2053.9
2017,Q2,Parent PLUS,recipients_mm,3.4,PortfoliobyLoanType.xls,2017_Q2,2053.9
2017,Q2,Perkins,dollars_outstanding_bn,7.9,PortfoliobyLoanType.xls,2017_Q2,2053.9
2017,Q2,Perkins,recipients_mm,2.6,PortfoliobyLoanType.xls,2017_Q2,2053.9
2017,Q2,Consolidation,dollars_outstanding_bn,464.5,PortfoliobyLoanType.xls,2017_Q2,2053.9
2017,Q2,Consolidation,recipients_mm,12.0,PortfoliobyLoanType.xls,2017_Q2,2053.9
2017,Q3,Stafford Subsidized,dollars_outstanding_bn,269.9,PortfoliobyLoanType.xls,2017_Q3,2057.6
2017,Q3,Stafford Subsidized,recipients_mm,29.0,PortfoliobyLoanType.xls,2017_Q3,2057.6
2017,Q3,Stafford Unsubsidized,dollars_outstanding_bn,450.3,PortfoliobyLoanType.xls,2017_Q3,2057.6
2017,Q3,Stafford Unsubsidized,recipients_mm,27.6,PortfoliobyLoanType.xls,2017_Q3,2057.6
2017,Q3,Stafford (Combined),dollars_outstanding_bn,720.2,PortfoliobyLoanType.xls,2017_Q3,2057.6
2017,Q3,Stafford (Combined),unique_recipients_mm,32.2,PortfoliobyLoanType.xls,2017_Q3,2057.6
2017,Q3,Grad PLUS,dollars_outstanding_bn,56.6,PortfoliobyLoanType.xls,2017_Q3,2057.6
2017,Q3,Grad PLUS,recipients_mm,1.1,PortfoliobyLoanType.xls,2017_Q3,2057.6
2017,Q3,Parent PLUS,dollars_outstanding_bn,80.5,PortfoliobyLoanType.xls,2017_Q3,2057.6
2017,Q3,Parent PLUS,recipients_mm,3.4,PortfoliobyLoanType.xls,2017_Q3,2057.6
2017,Q3,Perkins,dollars_outstanding_bn,7.8,PortfoliobyLoanType.xls,2017_Q3,2057.6
2017,Q3,Perkins,recipients_mm,2.6,PortfoliobyLoanType.xls,2017_Q3,2057.6
2017,Q3,Consolidation,dollars_outstanding_bn,472.3,PortfoliobyLoanType.xls,2017_Q3,2057.6
2017,Q3,Consolidation,recipients_mm,12.0,PortfoliobyLoanType.xls,2017_Q3,2057.6
2017,Q4,Stafford Subsidized,dollars_outstanding_bn,273.1,PortfoliobyLoanType.xls,2017_Q4,2102.5
2017,Q4,Stafford Subsidized,recipients_mm,29.5,PortfoliobyLoanType.xls,2017_Q4,2102.5
2017,Q4,Stafford Unsubsidized,dollars_outstanding_bn,462.4,PortfoliobyLoanType.xls,2017_Q4,2102.5
2017,Q4,Stafford Unsubsidized,recipients_mm,28.3,PortfoliobyLoanType.xls,2017_Q4,2102.5
2017,Q4,Stafford (Combined),dollars_outstanding_bn,735.5,PortfoliobyLoanType.xls,2017_Q4,2102.5
2017,Q4,Stafford (Combined),unique_recipients_mm,32.9,PortfoliobyLoanType.xls,2017_Q4,2102.5
2017,Q4,Grad PLUS,dollars_outstanding_bn,59.7,PortfoliobyLoanType.xls,2017_Q4,2102.5
2017,Q4,Grad PLUS,recipients_mm,1.2,PortfoliobyLoanType.xls,2017_Q4,2102.5
2017,Q4,Parent PLUS,dollars_outstanding_bn,83.9,PortfoliobyLoanType.xls,2017_Q4,2102.5
2017,Q4,Parent PLUS,recipients_mm,3.5,PortfoliobyLoanType.xls,2017_Q4,2102.5
2017,Q4,Perkins,dollars_outstanding_bn,7.6,PortfoliobyLoanType.xls,2017_Q4,2102.5
2017,Q4,Perkins,recipients_mm,2.5,PortfoliobyLoanType.xls,2017_Q4,2102.5
2017,Q4,Consolidation,dollars_outstanding_bn,480.3,PortfoliobyLoanType.xls,2017_Q4,2102.5
2017,Q4,Consolidation,recipients_mm,12.0,PortfoliobyLoanType.xls,2017_Q4,2102.5
2018,Q1,Stafford Subsidized,dollars_outstanding_bn,272.2,PortfoliobyLoanType.xls,2018_Q1,2110.9
2018,Q1,Stafford Subsidized,recipients_mm,29.6,PortfoliobyLoanType.xls,2018_Q1,2110.9
2018,Q1,Stafford Unsubsidized,dollars_outstanding_bn,463.3,PortfoliobyLoanType.xls,2018_Q1,2110.9
2018,Q1,Stafford Unsubsidized,recipients_mm,28.4,PortfoliobyLoanType.xls,2018_Q1,2110.9
2018,Q1,Stafford (Combined),dollars_outstanding_bn,735.5,PortfoliobyLoanType.xls,2018_Q1,2110.9
2018,Q1,Stafford (Combined),unique_recipients_mm,33.0,PortfoliobyLoanType.xls,2018_Q1,2110.9
2018,Q1,Grad PLUS,dollars_outstanding_bn,59.6,PortfoliobyLoanType.xls,2018_Q1,2110.9
2018,Q1,Grad PLUS,recipients_mm,1.2,PortfoliobyLoanType.xls,2018_Q1,2110.9
2018,Q1,Parent PLUS,dollars_outstanding_bn,83.7,PortfoliobyLoanType.xls,2018_Q1,2110.9
2018,Q1,Parent PLUS,recipients_mm,3.5,PortfoliobyLoanType.xls,2018_Q1,2110.9
2018,Q1,Perkins,dollars_outstanding_bn,7.6,PortfoliobyLoanType.xls,2018_Q1,2110.9
2018,Q1,Perkins,recipients_mm,2.5,PortfoliobyLoanType.xls,2018_Q1,2110.9
2018,Q1,Consolidation,dollars_outstanding_bn,489.0,PortfoliobyLoanType.xls,2018_Q1,2110.9
2018,Q1,Consolidation,recipients_mm,12.0,PortfoliobyLoanType.xls,2018_Q1,2110.9
2018,Q2,Stafford Subsidized,dollars_outstanding_bn,276.4,PortfoliobyLoanType.xls,2018_Q2,2160.0
2018,Q2,Stafford Subsidized,recipients_mm,29.5,PortfoliobyLoanType.xls,2018_Q2,2160.0
2018,Q2,Stafford Unsubsidized,dollars_outstanding_bn,476.6,PortfoliobyLoanType.xls,2018_Q2,2160.0
2018,Q2,Stafford Unsubsidized,recipients_mm,28.3,PortfoliobyLoanType.xls,2018_Q2,2160.0
2018,Q2,Stafford (Combined),dollars_outstanding_bn,753.0,PortfoliobyLoanType.xls,2018_Q2,2160.0
2018,Q2,Stafford (Combined),unique_recipients_mm,32.9,PortfoliobyLoanType.xls,2018_Q2,2160.0
2018,Q2,Grad PLUS,dollars_outstanding_bn,62.8,PortfoliobyLoanType.xls,2018_Q2,2160.0
2018,Q2,Grad PLUS,recipients_mm,1.2,PortfoliobyLoanType.xls,2018_Q2,2160.0
2018,Q2,Parent PLUS,dollars_outstanding_bn,87.7,PortfoliobyLoanType.xls,2018_Q2,2160.0
2018,Q2,Parent PLUS,recipients_mm,3.5,PortfoliobyLoanType.xls,2018_Q2,2160.0
2018,Q2,Perkins,dollars_outstanding_bn,7.6,PortfoliobyLoanType.xls,2018_Q2,2160.0
2018,Q2,Perkins,recipients_mm,2.5,PortfoliobyLoanType.xls,2018_Q2,2160.0
2018,Q2,Consolidation,dollars_outstanding_bn,495.9,PortfoliobyLoanType.xls,2018_Q2,2160.0
2018,Q2,Consolidation,recipients_mm,11.9,PortfoliobyLoanType.xls,2018_Q2,2160.0
2018,Q3,Stafford Subsidized,dollars_outstanding_bn,274.2,PortfoliobyLoanType.xls,2018_Q3,2164.0
2018,Q3,Stafford Subsidized,recipients_mm,29.1,PortfoliobyLoanType.xls,2018_Q3,2164.0
2018,Q3,Stafford Unsubsidized,dollars_outstanding_bn,477.8,PortfoliobyLoanType.xls,2018_Q3,2164.0
2018,Q3,Stafford Unsubsidized,recipients_mm,28.0,PortfoliobyLoanType.xls,2018_Q3,2164.0
2018,Q3,Stafford (Combined),dollars_outstanding_bn,752.1,PortfoliobyLoanType.xls,2018_Q3,2164.0
2018,Q3,Stafford (Combined),unique_recipients_mm,32.5,PortfoliobyLoanType.xls,2018_Q3,2164.0
2018,Q3,Grad PLUS,dollars_outstanding_bn,63.9,PortfoliobyLoanType.xls,2018_Q3,2164.0
2018,Q3,Grad PLUS,recipients_mm,1.2,PortfoliobyLoanType.xls,2018_Q3,2164.0
2018,Q3,Parent PLUS,dollars_outstanding_bn,86.7,PortfoliobyLoanType.xls,2018_Q3,2164.0
2018,Q3,Parent PLUS,recipients_mm,3.4,PortfoliobyLoanType.xls,2018_Q3,2164.0
2018,Q3,Perkins,dollars_outstanding_bn,7.4,PortfoliobyLoanType.xls,2018_Q3,2164.0
2018,Q3,Perkins,recipients_mm,2.4,PortfoliobyLoanType.xls,2018_Q3,2164.0
2018,Q3,Consolidation,dollars_outstanding_bn,501.9,PortfoliobyLoanType.xls,2018_Q3,2164.0
2018,Q3,Consolidation,recipients_mm,11.9,PortfoliobyLoanType.xls,2018_Q3,2164.0
2018,Q4,Stafford Subsidized,dollars_outstanding_bn,277.5,PortfoliobyLoanType.xls,2018_Q4,2206.2
2018,Q4,Stafford Subsidized,recipients_mm,29.6,PortfoliobyLoanType.xls,2018_Q4,2206.2
2018,Q4,Stafford Unsubsidized,dollars_outstanding_bn,489.6,PortfoliobyLoanType.xls,2018_Q4,2206.2
2018,Q4,Stafford Unsubsidized,recipients_mm,28.7,PortfoliobyLoanType.xls,2018_Q4,2206.2
2018,Q4,Stafford (Combined),dollars_outstanding_bn,767.1,PortfoliobyLoanType.xls,2018_Q4,2206.2
2018,Q4,Stafford (Combined),unique_recipients_mm,33.1,PortfoliobyLoanType.xls,2018_Q4,2206.2
2018,Q4,Grad PLUS,dollars_outstanding_bn,67.0,PortfoliobyLoanType.xls,2018_Q4,2206.2
2018,Q4,Grad PLUS,recipients_mm,1.3,PortfoliobyLoanType.xls,2018_Q4,2206.2
2018,Q4,Parent PLUS,dollars_outstanding_bn,89.9,PortfoliobyLoanType.xls,2018_Q4,2206.2
2018,Q4,Parent PLUS,recipients_mm,3.6,PortfoliobyLoanType.xls,2018_Q4,2206.2
2018,Q4,Perkins,dollars_outstanding_bn,7.1,PortfoliobyLoanType.xls,2018_Q4,2206.2
2018,Q4,Perkins,recipients_mm,2.3,PortfoliobyLoanType.xls,2018_Q4,2206.2
2018,Q4,Consolidation,dollars_outstanding_bn,508.0,PortfoliobyLoanType.xls,2018_Q4,2206.2
2018,Q4,Consolidation,recipients_mm,11.9,PortfoliobyLoanType.xls,2018_Q4,2206.2
2019,Q1,Stafford Subsidized,dollars_outstanding_bn,276.8,PortfoliobyLoanType.xls,2019_Q1,2219.0
2019,Q1,Stafford Subsidized,recipients_mm,29.7,PortfoliobyLoanType.xls,2019_Q1,2219.0
2019,Q1,Stafford Unsubsidized,dollars_outstanding_bn,490.9,PortfoliobyLoanType.xls,2019_Q1,2219.0
2019,Q1,Stafford Unsubsidized,recipients_mm,28.8,PortfoliobyLoanType.xls,2019_Q1,2219.0
2019,Q1,Stafford (Combined),dollars_outstanding_bn,767.7,PortfoliobyLoanType.xls,2019_Q1,2219.0
2019,Q1,Stafford (Combined),unique_recipients_mm,33.3,PortfoliobyLoanType.xls,2019_Q1,2219.0
2019,Q1,Grad PLUS,dollars_outstanding_bn,71.3,PortfoliobyLoanType.xls,2019_Q1,2219.0
2019,Q1,Grad PLUS,recipients_mm,1.5,PortfoliobyLoanType.xls,2019_Q1,2219.0
2019,Q1,Parent PLUS,dollars_outstanding_bn,89.8,PortfoliobyLoanType.xls,2019_Q1,2219.0
2019,Q1,Parent PLUS,recipients_mm,3.6,PortfoliobyLoanType.xls,2019_Q1,2219.0
2019,Q1,Perkins,dollars_outstanding_bn,6.9,PortfoliobyLoanType.xls,2019_Q1,2219.0
2019,Q1,Perkins,recipients_mm,2.2,PortfoliobyLoanType.xls,2019_Q1,2219.0
2019,Q1,Consolidation,dollars_outstanding_bn,515.6,PortfoliobyLoanType.xls,2019_Q1,2219.0
2019,Q1,Consolidation,recipients_mm,11.8,PortfoliobyLoanType.xls,2019_Q1,2219.0
2019,Q2,Stafford Subsidized,dollars_outstanding_bn,280.0,PortfoliobyLoanType.xls,2019_Q2,2260.0
2019,Q2,Stafford Subsidized,recipients_mm,29.5,PortfoliobyLoanType.xls,2019_Q2,2260.0
2019,Q2,Stafford Unsubsidized,dollars_outstanding_bn,503.5,PortfoliobyLoanType.xls,2019_Q2,2260.0
2019,Q2,Stafford Unsubsidized,recipients_mm,28.7,PortfoliobyLoanType.xls,2019_Q2,2260.0
2019,Q2,Stafford (Combined),dollars_outstanding_bn,783.5,PortfoliobyLoanType.xls,2019_Q2,2260.0
2019,Q2,Stafford (Combined),unique_recipients_mm,33.1,PortfoliobyLoanType.xls,2019_Q2,2260.0
2019,Q2,Grad PLUS,dollars_outstanding_bn,70.7,PortfoliobyLoanType.xls,2019_Q2,2260.0
2019,Q2,Grad PLUS,recipients_mm,1.3,PortfoliobyLoanType.xls,2019_Q2,2260.0
2019,Q2,Parent PLUS,dollars_outstanding_bn,93.9,PortfoliobyLoanType.xls,2019_Q2,2260.0
2019,Q2,Parent PLUS,recipients_mm,3.5,PortfoliobyLoanType.xls,2019_Q2,2260.0
2019,Q2,Perkins,dollars_outstanding_bn,6.6,PortfoliobyLoanType.xls,2019_Q2,2260.0
2019,Q2,Perkins,recipients_mm,2.2,PortfoliobyLoanType.xls,2019_Q2,2260.0
2019,Q2,Consolidation,dollars_outstanding_bn,521.8,PortfoliobyLoanType.xls,2019_Q2,2260.0
2019,Q2,Consolidation,recipients_mm,11.8,PortfoliobyLoanType.xls,2019_Q2,2260.0
2019,Q3,Stafford Subsidized,dollars_outstanding_bn,277.4,PortfoliobyLoanType.xls,2019_Q3,2262.7
2019,Q3,Stafford Subsidized,recipients_mm,29.1,PortfoliobyLoanType.xls,2019_Q3,2262.7
2019,Q3,Stafford Unsubsidized,dollars_outstanding_bn,504.2,PortfoliobyLoanType.xls,2019_Q3,2262.7
2019,Q3,Stafford Unsubsidized,recipients_mm,28.3,PortfoliobyLoanType.xls,2019_Q3,2262.7
2019,Q3,Stafford (Combined),dollars_outstanding_bn,781.6,PortfoliobyLoanType.xls,2019_Q3,2262.7
2019,Q3,Stafford (Combined),unique_recipients_mm,32.6,PortfoliobyLoanType.xls,2019_Q3,2262.7
2019,Q3,Grad PLUS,dollars_outstanding_bn,71.9,PortfoliobyLoanType.xls,2019_Q3,2262.7
2019,Q3,Grad PLUS,recipients_mm,1.3,PortfoliobyLoanType.xls,2019_Q3,2262.7
2019,Q3,Parent PLUS,dollars_outstanding_bn,92.9,PortfoliobyLoanType.xls,2019_Q3,2262.7
2019,Q3,Parent PLUS,recipients_mm,3.5,PortfoliobyLoanType.xls,2019_Q3,2262.7
2019,Q3,Perkins,dollars_outstanding_bn,6.3,PortfoliobyLoanType.xls,2019_Q3,2262.7
2019,Q3,Perkins,recipients_mm,2.1,PortfoliobyLoanType.xls,2019_Q3,2262.7
2019,Q3,Consolidation,dollars_outstanding_bn,528.4,PortfoliobyLoanType.xls,2019_Q3,2262.7
2019,Q3,Consolidation,recipients_mm,11.8,PortfoliobyLoanType.xls,2019_Q3,2262.7
2019,Q4,Stafford Subsidized,dollars_outstanding_bn,280.7,PortfoliobyLoanType.xls,2019_Q4,2306.9
2019,Q4,Stafford Subsidized,recipients_mm,29.5,PortfoliobyLoanType.xls,2019_Q4,2306.9
2019,Q4,Stafford Unsubsidized,dollars_outstanding_bn,516.0,PortfoliobyLoanType.xls,2019_Q4,2306.9
2019,Q4,Stafford Unsubsidized,recipients_mm,28.9,PortfoliobyLoanType.xls,2019_Q4,2306.9
2019,Q4,Stafford (Combined),dollars_outstanding_bn,796.7,PortfoliobyLoanType.xls,2019_Q4,2306.9
2019,Q4,Stafford (Combined),unique_recipients_mm,33.2,PortfoliobyLoanType.xls,2019_Q4,2306.9
2019,Q4,Grad PLUS,dollars_outstanding_bn,75.2,PortfoliobyLoanType.xls,2019_Q4,2306.9
2019,Q4,Grad PLUS,recipients_mm,1.4,PortfoliobyLoanType.xls,2019_Q4,2306.9
2019,Q4,Parent PLUS,dollars_outstanding_bn,96.1,PortfoliobyLoanType.xls,2019_Q4,2306.9
2019,Q4,Parent PLUS,recipients_mm,3.6,PortfoliobyLoanType.xls,2019_Q4,2306.9
2019,Q4,Perkins,dollars_outstanding_bn,6.1,PortfoliobyLoanType.xls,2019_Q4,2306.9
2019,Q4,Perkins,recipients_mm,2.0,PortfoliobyLoanType.xls,2019_Q4,2306.9
2019,Q4,Consolidation,dollars_outstanding_bn,536.1,PortfoliobyLoanType.xls,2019_Q4,2306.9
2019,Q4,Consolidation,recipients_mm,11.7,PortfoliobyLoanType.xls,2019_Q4,2306.9
2020,Q1,Stafford Subsidized,dollars_outstanding_bn,279.6,PortfoliobyLoanType.xls,2020_Q1,2310.8999999999996
2020,Q1,Stafford Subsidized,recipients_mm,29.6,PortfoliobyLoanType.xls,2020_Q1,2310.8999999999996
2020,Q1,Stafford Unsubsidized,dollars_outstanding_bn,516.3,PortfoliobyLoanType.xls,2020_Q1,2310.8999999999996
2020,Q1,Stafford Unsubsidized,recipients_mm,28.9,PortfoliobyLoanType.xls,2020_Q1,2310.8999999999996
2020,Q1,Stafford (Combined),dollars_outstanding_bn,795.8,PortfoliobyLoanType.xls,2020_Q1,2310.8999999999996
2020,Q1,Stafford (Combined),unique_recipients_mm,33.2,PortfoliobyLoanType.xls,2020_Q1,2310.8999999999996
2020,Q1,Grad PLUS,dollars_outstanding_bn,75.3,PortfoliobyLoanType.xls,2020_Q1,2310.8999999999996
2020,Q1,Grad PLUS,recipients_mm,1.4,PortfoliobyLoanType.xls,2020_Q1,2310.8999999999996
2020,Q1,Parent PLUS,dollars_outstanding_bn,95.6,PortfoliobyLoanType.xls,2020_Q1,2310.8999999999996
2020,Q1,Parent PLUS,recipients_mm,3.6,PortfoliobyLoanType.xls,2020_Q1,2310.8999999999996
2020,Q1,Perkins,dollars_outstanding_bn,5.9,PortfoliobyLoanType.xls,2020_Q1,2310.8999999999996
2020,Q1,Perkins,recipients_mm,1.9,PortfoliobyLoanType.xls,2020_Q1,2310.8999999999996
2020,Q1,Consolidation,dollars_outstanding_bn,542.4,PortfoliobyLoanType.xls,2020_Q1,2310.8999999999996
2020,Q1,Consolidation,recipients_mm,11.7,PortfoliobyLoanType.xls,2020_Q1,2310.8999999999996
2020,Q2,Stafford Subsidized,dollars_outstanding_bn,282.9,PortfoliobyLoanType.xls,2020_Q2,2354.3
2020,Q2,Stafford Subsidized,recipients_mm,29.4,PortfoliobyLoanType.xls,2020_Q2,2354.3
2020,Q2,Stafford Unsubsidized,dollars_outstanding_bn,528.5,PortfoliobyLoanType.xls,2020_Q2,2354.3
2020,Q2,Stafford Unsubsidized,recipients_mm,28.8,PortfoliobyLoanType.xls,2020_Q2,2354.3
2020,Q2,Stafford (Combined),dollars_outstanding_bn,811.4,PortfoliobyLoanType.xls,2020_Q2,2354.3
2020,Q2,Stafford (Combined),unique_recipients_mm,33.0,PortfoliobyLoanType.xls,2020_Q2,2354.3
2020,Q2,Grad PLUS,dollars_outstanding_bn,78.8,PortfoliobyLoanType.xls,2020_Q2,2354.3
2020,Q2,Grad PLUS,recipients_mm,1.4,PortfoliobyLoanType.xls,2020_Q2,2354.3
2020,Q2,Parent PLUS,dollars_outstanding_bn,99.4,PortfoliobyLoanType.xls,2020_Q2,2354.3
2020,Q2,Parent PLUS,recipients_mm,3.5,PortfoliobyLoanType.xls,2020_Q2,2354.3
2020,Q2,Perkins,dollars_outstanding_bn,5.6,PortfoliobyLoanType.xls,2020_Q2,2354.3
2020,Q2,Perkins,recipients_mm,1.9,PortfoliobyLoanType.xls,2020_Q2,2354.3
2020,Q2,Consolidation,dollars_outstanding_bn,547.7,PortfoliobyLoanType.xls,2020_Q2,2354.3
2020,Q2,Consolidation,recipients_mm,11.6,PortfoliobyLoanType.xls,2020_Q2,2354.3
2020,Q3,Stafford Subsidized,dollars_outstanding_bn,282.3,PortfoliobyLoanType.xls,2020_Q3,2356.2
2020,Q3,Stafford Subsidized,recipients_mm,29.1,PortfoliobyLoanType.xls,2020_Q3,2356.2
2020,Q3,Stafford Unsubsidized,dollars_outstanding_bn,529.1,PortfoliobyLoanType.xls,2020_Q3,2356.2
2020,Q3,Stafford Unsubsidized,recipients_mm,28.6,PortfoliobyLoanType.xls,2020_Q3,2356.2
2020,Q3,Stafford (Combined),dollars_outstanding_bn,811.4,PortfoliobyLoanType.xls,2020_Q3,2356.2
2020,Q3,Stafford (Combined),unique_recipients_mm,32.8,PortfoliobyLoanType.xls,2020_Q3,2356.2
2020,Q3,Grad PLUS,dollars_outstanding_bn,79.5,PortfoliobyLoanType.xls,2020_Q3,2356.2
2020,Q3,Grad PLUS,recipients_mm,1.4,PortfoliobyLoanType.xls,2020_Q3,2356.2
2020,Q3,Parent PLUS,dollars_outstanding_bn,98.3,PortfoliobyLoanType.xls,2020_Q3,2356.2
2020,Q3,Parent PLUS,recipients_mm,3.5,PortfoliobyLoanType.xls,2020_Q3,2356.2
2020,Q3,Perkins,dollars_outstanding_bn,5.4,PortfoliobyLoanType.xls,2020_Q3,2356.2
2020,Q3,Perkins,recipients_mm,1.8,PortfoliobyLoanType.xls,2020_Q3,2356.2
2020,Q3,Consolidation,dollars_outstanding_bn,550.2,PortfoliobyLoanType.xls,2020_Q3,2356.2
2020,Q3,Consolidation,recipients_mm,11.6,PortfoliobyLoanType.xls,2020_Q3,2356.2
2020,Q4,Stafford Subsidized,dollars_outstanding_bn,285.7,PortfoliobyLoanType.xls,2020_Q4,2391.9
2020,Q4,Stafford Subsidized,recipients_mm,29.6,PortfoliobyLoanType.xls,2020_Q4,2391.9
2020,Q4,Stafford Unsubsidized,dollars_outstanding_bn,539.8,PortfoliobyLoanType.xls,2020_Q4,2391.9
2020,Q4,Stafford Unsubsidized,recipients_mm,29.2,PortfoliobyLoanType.xls,2020_Q4,2391.9
2020,Q4,Stafford (Combined),dollars_outstanding_bn,825.5,PortfoliobyLoanType.xls,2020_Q4,2391.9
2020,Q4,Stafford (Combined),unique_recipients_mm,33.4,PortfoliobyLoanType.xls,2020_Q4,2391.9
2020,Q4,Grad PLUS,dollars_outstanding_bn,82.8,PortfoliobyLoanType.xls,2020_Q4,2391.9
2020,Q4,Grad PLUS,recipients_mm,1.5,PortfoliobyLoanType.xls,2020_Q4,2391.9
2020,Q4,Parent PLUS,dollars_outstanding_bn,100.8,PortfoliobyLoanType.xls,2020_Q4,2391.9
2020,Q4,Parent PLUS,recipients_mm,3.6,PortfoliobyLoanType.xls,2020_Q4,2391.9
2020,Q4,Perkins,dollars_outstanding_bn,5.2,PortfoliobyLoanType.xls,2020_Q4,2391.9
2020,Q4,Perkins,recipients_mm,1.7,PortfoliobyLoanType.xls,2020_Q4,2391.9
2020,Q4,Consolidation,dollars_outstanding_bn,552.1,PortfoliobyLoanType.xls,2020_Q4,2391.9
2020,Q4,Consolidation,recipients_mm,11.5,PortfoliobyLoanType.xls,2020_Q4,2391.9
2021,Q1,Stafford Subsidized,dollars_outstanding_bn,285.2,PortfoliobyLoanType.xls,2021_Q1,2389.7
2021,Q1,Stafford Subsidized,recipients_mm,29.6,PortfoliobyLoanType.xls,2021_Q1,2389.7
2021,Q1,Stafford Unsubsidized,dollars_outstanding_bn,539.4,PortfoliobyLoanType.xls,2021_Q1,2389.7
2021,Q1,Stafford Unsubsidized,recipients_mm,29.3,PortfoliobyLoanType.xls,2021_Q1,2389.7
2021,Q1,Stafford (Combined),dollars_outstanding_bn,824.6,PortfoliobyLoanType.xls,2021_Q1,2389.7
2021,Q1,Stafford (Combined),unique_recipients_mm,33.5,PortfoliobyLoanType.xls,2021_Q1,2389.7
2021,Q1,Grad PLUS,dollars_outstanding_bn,82.7,PortfoliobyLoanType.xls,2021_Q1,2389.7
2021,Q1,Grad PLUS,recipients_mm,1.5,PortfoliobyLoanType.xls,2021_Q1,2389.7
2021,Q1,Parent PLUS,dollars_outstanding_bn,100.3,PortfoliobyLoanType.xls,2021_Q1,2389.7
2021,Q1,Parent PLUS,recipients_mm,3.6,PortfoliobyLoanType.xls,2021_Q1,2389.7
2021,Q1,Perkins,dollars_outstanding_bn,4.9,PortfoliobyLoanType.xls,2021_Q1,2389.7
2021,Q1,Perkins,recipients_mm,1.7,PortfoliobyLoanType.xls,2021_Q1,2389.7
2021,Q1,Consolidation,dollars_outstanding_bn,552.6,PortfoliobyLoanType.xls,2021_Q1,2389.7
2021,Q1,Consolidation,recipients_mm,11.5,PortfoliobyLoanType.xls,2021_Q1,2389.7
2021,Q2,Stafford Subsidized,dollars_outstanding_bn,289.8,PortfoliobyLoanType.xls,2021_Q2,2434.3
2021,Q2,Stafford Subsidized,recipients_mm,29.6,PortfoliobyLoanType.xls,2021_Q2,2434.3
2021,Q2,Stafford Unsubsidized,dollars_outstanding_bn,552.7,PortfoliobyLoanType.xls,2021_Q2,2434.3
2021,Q2,Stafford Unsubsidized,recipients_mm,29.4,PortfoliobyLoanType.xls,2021_Q2,2434.3
2021,Q2,Stafford (Combined),dollars_outstanding_bn,842.5,PortfoliobyLoanType.xls,2021_Q2,2434.3
2021,Q2,Stafford (Combined),unique_recipients_mm,33.6,PortfoliobyLoanType.xls,2021_Q2,2434.3
2021,Q2,Grad PLUS,dollars_outstanding_bn,86.3,PortfoliobyLoanType.xls,2021_Q2,2434.3
2021,Q2,Grad PLUS,recipients_mm,1.5,PortfoliobyLoanType.xls,2021_Q2,2434.3
2021,Q2,Parent PLUS,dollars_outstanding_bn,103.6,PortfoliobyLoanType.xls,2021_Q2,2434.3
2021,Q2,Parent PLUS,recipients_mm,3.6,PortfoliobyLoanType.xls,2021_Q2,2434.3
2021,Q2,Perkins,dollars_outstanding_bn,4.7,PortfoliobyLoanType.xls,2021_Q2,2434.3
2021,Q2,Perkins,recipients_mm,1.6,PortfoliobyLoanType.xls,2021_Q2,2434.3
2021,Q2,Consolidation,dollars_outstanding_bn,554.7,PortfoliobyLoanType.xls,2021_Q2,2434.3
2021,Q2,Consolidation,recipients_mm,11.4,PortfoliobyLoanType.xls,2021_Q2,2434.3
2021,Q3,Stafford Subsidized,dollars_outstanding_bn,288.7,PortfoliobyLoanType.xls,2021_Q3,2433.3
2021,Q3,Stafford Subsidized,recipients_mm,29.5,PortfoliobyLoanType.xls,2021_Q3,2433.3
2021,Q3,Stafford Unsubsidized,dollars_outstanding_bn,553.5,PortfoliobyLoanType.xls,2021_Q3,2433.3
2021,Q3,Stafford Unsubsidized,recipients_mm,29.3,PortfoliobyLoanType.xls,2021_Q3,2433.3
2021,Q3,Stafford (Combined),dollars_outstanding_bn,842.2,PortfoliobyLoanType.xls,2021_Q3,2433.3
2021,Q3,Stafford (Combined),unique_recipients_mm,33.5,PortfoliobyLoanType.xls,2021_Q3,2433.3
2021,Q3,Grad PLUS,dollars_outstanding_bn,87.3,PortfoliobyLoanType.xls,2021_Q3,2433.3
2021,Q3,Grad PLUS,recipients_mm,1.5,PortfoliobyLoanType.xls,2021_Q3,2433.3
2021,Q3,Parent PLUS,dollars_outstanding_bn,102.8,PortfoliobyLoanType.xls,2021_Q3,2433.3
2021,Q3,Parent PLUS,recipients_mm,3.6,PortfoliobyLoanType.xls,2021_Q3,2433.3
2021,Q3,Perkins,dollars_outstanding_bn,4.3,PortfoliobyLoanType.xls,2021_Q3,2433.3
2021,Q3,Perkins,recipients_mm,1.6,PortfoliobyLoanType.xls,2021_Q3,2433.3
2021,Q3,Consolidation,dollars_outstanding_bn,554.5,PortfoliobyLoanType.xls,2021_Q3,2433.3
2021,Q3,Consolidation,recipients_mm,11.3,PortfoliobyLoanType.xls,2021_Q3,2433.3
2021,Q4,Stafford Subsidized,dollars_outstanding_bn,291.5,PortfoliobyLoanType.xls,2021_Q4,2465.6
2021,Q4,Stafford Subsidized,recipients_mm,30.0,PortfoliobyLoanType.xls,2021_Q4,2465.6
2021,Q4,Stafford Unsubsidized,dollars_outstanding_bn,563.5,PortfoliobyLoanType.xls,2021_Q4,2465.6
2021,Q4,Stafford Unsubsidized,recipients_mm,30.0,PortfoliobyLoanType.xls,2021_Q4,2465.6
2021,Q4,Stafford (Combined),dollars_outstanding_bn,855.0,PortfoliobyLoanType.xls,2021_Q4,2465.6
2021,Q4,Stafford (Combined),unique_recipients_mm,34.2,PortfoliobyLoanType.xls,2021_Q4,2465.6
2021,Q4,Grad PLUS,dollars_outstanding_bn,90.7,PortfoliobyLoanType.xls,2021_Q4,2465.6
2021,Q4,Grad PLUS,recipients_mm,1.6,PortfoliobyLoanType.xls,2021_Q4,2465.6
2021,Q4,Parent PLUS,dollars_outstanding_bn,105.4,PortfoliobyLoanType.xls,2021_Q4,2465.6
2021,Q4,Parent PLUS,recipients_mm,3.7,PortfoliobyLoanType.xls,2021_Q4,2465.6
2021,Q4,Perkins,dollars_outstanding_bn,4.4,PortfoliobyLoanType.xls,2021_Q4,2465.6
2021,Q4,Perkins,recipients_mm,1.5,PortfoliobyLoanType.xls,2021_Q4,2465.6
2021,Q4,Consolidation,dollars_outstanding_bn,555.1,PortfoliobyLoanType.xls,2021_Q4,2465.6
2021,Q4,Consolidation,recipients_mm,11.3,PortfoliobyLoanType.xls,2021_Q4,2465.6
2022,Q1,Stafford Subsidized,dollars_outstanding_bn,290.9,PortfoliobyLoanType.xls,2022_Q1,2459.7
2022,Q1,Stafford Subsidized,recipients_mm,30.1,PortfoliobyLoanType.xls,2022_Q1,2459.7
2022,Q1,Stafford Unsubsidized,dollars_outstanding_bn,562.5,PortfoliobyLoanType.xls,2022_Q1,2459.7
2022,Q1,Stafford Unsubsidized,recipients_mm,30.1,PortfoliobyLoanType.xls,2022_Q1,2459.7
2022,Q1,Stafford (Combined),dollars_outstanding_bn,853.4,PortfoliobyLoanType.xls,2022_Q1,2459.7
2022,Q1,Stafford (Combined),unique_recipients_mm,34.3,PortfoliobyLoanType.xls,2022_Q1,2459.7
2022,Q1,Grad PLUS,dollars_outstanding_bn,90.6,PortfoliobyLoanType.xls,2022_Q1,2459.7
2022,Q1,Grad PLUS,recipients_mm,1.6,PortfoliobyLoanType.xls,2022_Q1,2459.7
2022,Q1,Parent PLUS,dollars_outstanding_bn,104.8,PortfoliobyLoanType.xls,2022_Q1,2459.7
2022,Q1,Parent PLUS,recipients_mm,3.7,PortfoliobyLoanType.xls,2022_Q1,2459.7
2022,Q1,Perkins,dollars_outstanding_bn,4.2,PortfoliobyLoanType.xls,2022_Q1,2459.7
2022,Q1,Perkins,recipients_mm,1.5,PortfoliobyLoanType.xls,2022_Q1,2459.7
2022,Q1,Consolidation,dollars_outstanding_bn,553.3,PortfoliobyLoanType.xls,2022_Q1,2459.7
2022,Q1,Consolidation,recipients_mm,11.2,PortfoliobyLoanType.xls,2022_Q1,2459.7
2022,Q2,Stafford Subsidized,dollars_outstanding_bn,293.1,PortfoliobyLoanType.xls,2022_Q2,2484.6
2022,Q2,Stafford Subsidized,recipients_mm,29.8,PortfoliobyLoanType.xls,2022_Q2,2484.6
2022,Q2,Stafford Unsubsidized,dollars_outstanding_bn,571.9,PortfoliobyLoanType.xls,2022_Q2,2484.6
2022,Q2,Stafford Unsubsidized,recipients_mm,29.9,PortfoliobyLoanType.xls,2022_Q2,2484.6
2022,Q2,Stafford (Combined),dollars_outstanding_bn,864.9,PortfoliobyLoanType.xls,2022_Q2,2484.6
2022,Q2,Stafford (Combined),unique_recipients_mm,34.0,PortfoliobyLoanType.xls,2022_Q2,2484.6
2022,Q2,Grad PLUS,dollars_outstanding_bn,94.0,PortfoliobyLoanType.xls,2022_Q2,2484.6
2022,Q2,Grad PLUS,recipients_mm,1.6,PortfoliobyLoanType.xls,2022_Q2,2484.6
2022,Q2,Parent PLUS,dollars_outstanding_bn,107.3,PortfoliobyLoanType.xls,2022_Q2,2484.6
2022,Q2,Parent PLUS,recipients_mm,3.6,PortfoliobyLoanType.xls,2022_Q2,2484.6
2022,Q2,Perkins,dollars_outstanding_bn,4.2,PortfoliobyLoanType.xls,2022_Q2,2484.6
2022,Q2,Perkins,recipients_mm,1.4,PortfoliobyLoanType.xls,2022_Q2,2484.6
2022,Q2,Consolidation,dollars_outstanding_bn,549.2,PortfoliobyLoanType.xls,2022_Q2,2484.6
2022,Q2,Consolidation,recipients_mm,11.0,PortfoliobyLoanType.xls,2022_Q2,2484.6
2022,Q3,Stafford Subsidized,dollars_outstanding_bn,291.9,PortfoliobyLoanType.xls,2022_Q3,2480.6
2022,Q3,Stafford Subsidized,recipients_mm,29.7,PortfoliobyLoanType.xls,2022_Q3,2480.6
2022,Q3,Stafford Unsubsidized,dollars_outstanding_bn,571.5,PortfoliobyLoanType.xls,2022_Q3,2480.6
2022,Q3,Stafford Unsubsidized,recipients_mm,29.8,PortfoliobyLoanType.xls,2022_Q3,2480.6
2022,Q3,Stafford (Combined),dollars_outstanding_bn,863.3,PortfoliobyLoanType.xls,2022_Q3,2480.6
2022,Q3,Stafford (Combined),unique_recipients_mm,33.9,PortfoliobyLoanType.xls,2022_Q3,2480.6
2022,Q3,Grad PLUS,dollars_outstanding_bn,94.9,PortfoliobyLoanType.xls,2022_Q3,2480.6
2022,Q3,Grad PLUS,recipients_mm,1.6,PortfoliobyLoanType.xls,2022_Q3,2480.6
2022,Q3,Parent PLUS,dollars_outstanding_bn,106.3,PortfoliobyLoanType.xls,2022_Q3,2480.6
2022,Q3,Parent PLUS,recipients_mm,3.6,PortfoliobyLoanType.xls,2022_Q3,2480.6
2022,Q3,Perkins,dollars_outstanding_bn,4.0,PortfoliobyLoanType.xls,2022_Q3,2480.6
2022,Q3,Perkins,recipients_mm,1.3,PortfoliobyLoanType.xls,2022_Q3,2480.6
2022,Q3,Consolidation,dollars_outstanding_bn,548.7,PortfoliobyLoanType.xls,2022_Q3,2480.6
2022,Q3,Consolidation,recipients_mm,10.9,PortfoliobyLoanType.xls,2022_Q3,2480.6
2022,Q4,Stafford Subsidized,dollars_outstanding_bn,294.3,PortfoliobyLoanType.xls,2022_Q4,2508.1
2022,Q4,Stafford Subsidized,recipients_mm,30.2,PortfoliobyLoanType.xls,2022_Q4,2508.1
2022,Q4,Stafford Unsubsidized,dollars_outstanding_bn,579.3,PortfoliobyLoanType.xls,2022_Q4,2508.1
2022,Q4,Stafford Unsubsidized,recipients_mm,30.5,PortfoliobyLoanType.xls,2022_Q4,2508.1
2022,Q4,Stafford (Combined),dollars_outstanding_bn,873.6,PortfoliobyLoanType.xls,2022_Q4,2508.1
2022,Q4,Stafford (Combined),unique_recipients_mm,34.6,PortfoliobyLoanType.xls,2022_Q4,2508.1
2022,Q4,Grad PLUS,dollars_outstanding_bn,97.9,PortfoliobyLoanType.xls,2022_Q4,2508.1
2022,Q4,Grad PLUS,recipients_mm,1.7,PortfoliobyLoanType.xls,2022_Q4,2508.1
2022,Q4,Parent PLUS,dollars_outstanding_bn,108.5,PortfoliobyLoanType.xls,2022_Q4,2508.1
2022,Q4,Parent PLUS,recipients_mm,3.7,PortfoliobyLoanType.xls,2022_Q4,2508.1
2022,Q4,Perkins,dollars_outstanding_bn,3.9,PortfoliobyLoanType.xls,2022_Q4,2508.1
2022,Q4,Perkins,recipients_mm,1.3,PortfoliobyLoanType.xls,2022_Q4,2508.1
2022,Q4,Consolidation,dollars_outstanding_bn,550.6,PortfoliobyLoanType.xls,2022_Q4,2508.1
2022,Q4,Consolidation,recipients_mm,10.9,PortfoliobyLoanType.xls,2022_Q4,2508.1
2023,Q1,Stafford Subsidized,dollars_outstanding_bn,293.0,PortfoliobyLoanType.xls,2023_Q1,2502.6
2023,Q1,Stafford Subsidized,recipients_mm,30.4,PortfoliobyLoanType.xls,2023_Q1,2502.6
2023,Q1,Stafford Unsubsidized,dollars_outstanding_bn,574.1,PortfoliobyLoanType.xls,2023_Q1,2502.6
2023,Q1,Stafford Unsubsidized,recipients_mm,30.7,PortfoliobyLoanType.xls,2023_Q1,2502.6
2023,Q1,Stafford (Combined),dollars_outstanding_bn,867.1,PortfoliobyLoanType.xls,2023_Q1,2502.6
2023,Q1,Stafford (Combined),unique_recipients_mm,34.8,PortfoliobyLoanType.xls,2023_Q1,2502.6
2023,Q1,Grad PLUS,dollars_outstanding_bn,96.7,PortfoliobyLoanType.xls,2023_Q1,2502.6
2023,Q1,Grad PLUS,recipients_mm,1.7,PortfoliobyLoanType.xls,2023_Q1,2502.6
2023,Q1,Parent PLUS,dollars_outstanding_bn,107.6,PortfoliobyLoanType.xls,2023_Q1,2502.6
2023,Q1,Parent PLUS,recipients_mm,3.7,PortfoliobyLoanType.xls,2023_Q1,2502.6
2023,Q1,Perkins,dollars_outstanding_bn,3.8,PortfoliobyLoanType.xls,2023_Q1,2502.6
2023,Q1,Perkins,recipients_mm,1.3,PortfoliobyLoanType.xls,2023_Q1,2502.6
2023,Q1,Consolidation,dollars_outstanding_bn,560.3,PortfoliobyLoanType.xls,2023_Q1,2502.6
2023,Q1,Consolidation,recipients_mm,11.0,PortfoliobyLoanType.xls,2023_Q1,2502.6
2023,Q2,Stafford Subsidized,dollars_outstanding_bn,296.2,PortfoliobyLoanType.xls,2023_Q2,2525.6
2023,Q2,Stafford Subsidized,recipients_mm,30.3,PortfoliobyLoanType.xls,2023_Q2,2525.6
2023,Q2,Stafford Unsubsidized,dollars_outstanding_bn,584.9,PortfoliobyLoanType.xls,2023_Q2,2525.6
2023,Q2,Stafford Unsubsidized,recipients_mm,30.7,PortfoliobyLoanType.xls,2023_Q2,2525.6
2023,Q2,Stafford (Combined),dollars_outstanding_bn,881.1,PortfoliobyLoanType.xls,2023_Q2,2525.6
2023,Q2,Stafford (Combined),unique_recipients_mm,34.9,PortfoliobyLoanType.xls,2023_Q2,2525.6
2023,Q2,Grad PLUS,dollars_outstanding_bn,100.7,PortfoliobyLoanType.xls,2023_Q2,2525.6
2023,Q2,Grad PLUS,recipients_mm,1.7,PortfoliobyLoanType.xls,2023_Q2,2525.6
2023,Q2,Parent PLUS,dollars_outstanding_bn,111.7,PortfoliobyLoanType.xls,2023_Q2,2525.6
2023,Q2,Parent PLUS,recipients_mm,3.7,PortfoliobyLoanType.xls,2023_Q2,2525.6
2023,Q2,Perkins,dollars_outstanding_bn,3.7,PortfoliobyLoanType.xls,2023_Q2,2525.6
2023,Q2,Perkins,recipients_mm,1.2,PortfoliobyLoanType.xls,2023_Q2,2525.6
2023,Q2,Consolidation,dollars_outstanding_bn,547.3,PortfoliobyLoanType.xls,2023_Q2,2525.6
2023,Q2,Consolidation,recipients_mm,10.7,PortfoliobyLoanType.xls,2023_Q2,2525.6
2023,Q3,Stafford Subsidized,dollars_outstanding_bn,295.4,PortfoliobyLoanType.xls,2023_Q3,2514.7
2023,Q3,Stafford Subsidized,recipients_mm,30.3,PortfoliobyLoanType.xls,2023_Q3,2514.7
2023,Q3,Stafford Unsubsidized,dollars_outstanding_bn,585.4,PortfoliobyLoanType.xls,2023_Q3,2514.7
2023,Q3,Stafford Unsubsidized,recipients_mm,30.7,PortfoliobyLoanType.xls,2023_Q3,2514.7
2023,Q3,Stafford (Combined),dollars_outstanding_bn,880.8,PortfoliobyLoanType.xls,2023_Q3,2514.7
2023,Q3,Stafford (Combined),unique_recipients_mm,34.8,PortfoliobyLoanType.xls,2023_Q3,2514.7
2023,Q3,Grad PLUS,dollars_outstanding_bn,101.9,PortfoliobyLoanType.xls,2023_Q3,2514.7
2023,Q3,Grad PLUS,recipients_mm,1.7,PortfoliobyLoanType.xls,2023_Q3,2514.7
2023,Q3,Parent PLUS,dollars_outstanding_bn,111.3,PortfoliobyLoanType.xls,2023_Q3,2514.7
2023,Q3,Parent PLUS,recipients_mm,3.7,PortfoliobyLoanType.xls,2023_Q3,2514.7
2023,Q3,Perkins,dollars_outstanding_bn,3.7,PortfoliobyLoanType.xls,2023_Q3,2514.7
2023,Q3,Perkins,recipients_mm,1.2,PortfoliobyLoanType.xls,2023_Q3,2514.7
2023,Q3,Consolidation,dollars_outstanding_bn,536.2,PortfoliobyLoanType.xls,2023_Q3,2514.7
2023,Q3,Consolidation,recipients_mm,10.5,PortfoliobyLoanType.xls,2023_Q3,2514.7
2023,Q4,Stafford Subsidized,dollars_outstanding_bn,295.6,PortfoliobyLoanType.xls,2023_Q4,2486.3
2023,Q4,Stafford Subsidized,recipients_mm,30.6,PortfoliobyLoanType.xls,2023_Q4,2486.3
2023,Q4,Stafford Unsubsidized,dollars_outstanding_bn,588.5,PortfoliobyLoanType.xls,2023_Q4,2486.3
2023,Q4,Stafford Unsubsidized,recipients_mm,31.1,PortfoliobyLoanType.xls,2023_Q4,2486.3
2023,Q4,Stafford (Combined),dollars_outstanding_bn,884.1,PortfoliobyLoanType.xls,2023_Q4,2486.3
2023,Q4,Stafford (Combined),unique_recipients_mm,35.2,PortfoliobyLoanType.xls,2023_Q4,2486.3
2023,Q4,Grad PLUS,dollars_outstanding_bn,104.0,PortfoliobyLoanType.xls,2023_Q4,2486.3
2023,Q4,Grad PLUS,recipients_mm,1.8,PortfoliobyLoanType.xls,2023_Q4,2486.3
2023,Q4,Parent PLUS,dollars_outstanding_bn,112.2,PortfoliobyLoanType.xls,2023_Q4,2486.3
2023,Q4,Parent PLUS,recipients_mm,3.8,PortfoliobyLoanType.xls,2023_Q4,2486.3
2023,Q4,Perkins,dollars_outstanding_bn,3.6,PortfoliobyLoanType.xls,2023_Q4,2486.3
2023,Q4,Perkins,recipients_mm,1.2,PortfoliobyLoanType.xls,2023_Q4,2486.3
2023,Q4,Consolidation,dollars_outstanding_bn,498.3,PortfoliobyLoanType.xls,2023_Q4,2486.3
2023,Q4,Consolidation,recipients_mm,9.8,PortfoliobyLoanType.xls,2023_Q4,2486.3
2024,Q1,Stafford Subsidized,dollars_outstanding_bn,293.3,PortfoliobyLoanType.xls,2024_Q1,2477.0
2024,Q1,Stafford Subsidized,recipients_mm,30.5,PortfoliobyLoanType.xls,2024_Q1,2477.0
2024,Q1,Stafford Unsubsidized,dollars_outstanding_bn,585.2,PortfoliobyLoanType.xls,2024_Q1,2477.0
2024,Q1,Stafford Unsubsidized,recipients_mm,31.0,PortfoliobyLoanType.xls,2024_Q1,2477.0
2024,Q1,Stafford (Combined),dollars_outstanding_bn,878.5,PortfoliobyLoanType.xls,2024_Q1,2477.0
2024,Q1,Stafford (Combined),unique_recipients_mm,35.1,PortfoliobyLoanType.xls,2024_Q1,2477.0
2024,Q1,Grad PLUS,dollars_outstanding_bn,103.4,PortfoliobyLoanType.xls,2024_Q1,2477.0
2024,Q1,Grad PLUS,recipients_mm,1.8,PortfoliobyLoanType.xls,2024_Q1,2477.0
2024,Q1,Parent PLUS,dollars_outstanding_bn,107.2,PortfoliobyLoanType.xls,2024_Q1,2477.0
2024,Q1,Parent PLUS,recipients_mm,3.7,PortfoliobyLoanType.xls,2024_Q1,2477.0
2024,Q1,Perkins,dollars_outstanding_bn,3.5,PortfoliobyLoanType.xls,2024_Q1,2477.0
2024,Q1,Perkins,recipients_mm,1.1,PortfoliobyLoanType.xls,2024_Q1,2477.0
2024,Q1,Consolidation,dollars_outstanding_bn,505.9,PortfoliobyLoanType.xls,2024_Q1,2477.0
2024,Q1,Consolidation,recipients_mm,9.8,PortfoliobyLoanType.xls,2024_Q1,2477.0
2024,Q2,Stafford Subsidized,dollars_outstanding_bn,295.4,PortfoliobyLoanType.xls,2024_Q2,2510.5
2024,Q2,Stafford Subsidized,recipients_mm,30.2,PortfoliobyLoanType.xls,2024_Q2,2510.5
2024,Q2,Stafford Unsubsidized,dollars_outstanding_bn,594.9,PortfoliobyLoanType.xls,2024_Q2,2510.5
2024,Q2,Stafford Unsubsidized,recipients_mm,30.7,PortfoliobyLoanType.xls,2024_Q2,2510.5
2024,Q2,Stafford (Combined),dollars_outstanding_bn,890.3,PortfoliobyLoanType.xls,2024_Q2,2510.5
2024,Q2,Stafford (Combined),unique_recipients_mm,34.8,PortfoliobyLoanType.xls,2024_Q2,2510.5
2024,Q2,Grad PLUS,dollars_outstanding_bn,107.5,PortfoliobyLoanType.xls,2024_Q2,2510.5
2024,Q2,Grad PLUS,recipients_mm,1.8,PortfoliobyLoanType.xls,2024_Q2,2510.5
2024,Q2,Parent PLUS,dollars_outstanding_bn,109.8,PortfoliobyLoanType.xls,2024_Q2,2510.5
2024,Q2,Parent PLUS,recipients_mm,3.6,PortfoliobyLoanType.xls,2024_Q2,2510.5
2024,Q2,Perkins,dollars_outstanding_bn,3.4,PortfoliobyLoanType.xls,2024_Q2,2510.5
2024,Q2,Perkins,recipients_mm,1.1,PortfoliobyLoanType.xls,2024_Q2,2510.5
2024,Q2,Consolidation,dollars_outstanding_bn,509.2,PortfoliobyLoanType.xls,2024_Q2,2510.5
2024,Q2,Consolidation,recipients_mm,9.7,PortfoliobyLoanType.xls,2024_Q2,2510.5
2024,Q3,Stafford Subsidized,dollars_outstanding_bn,291.8,PortfoliobyLoanType.xls,2024_Q3,2493.6
2024,Q3,Stafford Subsidized,recipients_mm,29.8,PortfoliobyLoanType.xls,2024_Q3,2493.6
2024,Q3,Stafford Unsubsidized,dollars_outstanding_bn,590.8,PortfoliobyLoanType.xls,2024_Q3,2493.6
2024,Q3,Stafford Unsubsidized,recipients_mm,30.4,PortfoliobyLoanType.xls,2024_Q3,2493.6
2024,Q3,Stafford (Combined),dollars_outstanding_bn,882.6,PortfoliobyLoanType.xls,2024_Q3,2493.6
2024,Q3,Stafford (Combined),unique_recipients_mm,34.4,PortfoliobyLoanType.xls,2024_Q3,2493.6
2024,Q3,Grad PLUS,dollars_outstanding_bn,107.7,PortfoliobyLoanType.xls,2024_Q3,2493.6
2024,Q3,Grad PLUS,recipients_mm,1.7,PortfoliobyLoanType.xls,2024_Q3,2493.6
2024,Q3,Parent PLUS,dollars_outstanding_bn,107.1,PortfoliobyLoanType.xls,2024_Q3,2493.6
2024,Q3,Parent PLUS,recipients_mm,3.5,PortfoliobyLoanType.xls,2024_Q3,2493.6
2024,Q3,Perkins,dollars_outstanding_bn,3.3,PortfoliobyLoanType.xls,2024_Q3,2493.6
2024,Q3,Perkins,recipients_mm,1.1,PortfoliobyLoanType.xls,2024_Q3,2493.6
2024,Q3,Consolidation,dollars_outstanding_bn,510.3,PortfoliobyLoanType.xls,2024_Q3,2493.6
2024,Q3,Consolidation,recipients_mm,9.5,PortfoliobyLoanType.xls,2024_Q3,2493.6
2024,Q4,Stafford Subsidized,dollars_outstanding_bn,294.4,PortfoliobyLoanType.xls,2024_Q4,2534.6
2024,Q4,Stafford Subsidized,recipients_mm,30.2,PortfoliobyLoanType.xls,2024_Q4,2534.6
2024,Q4,Stafford Unsubsidized,dollars_outstanding_bn,601.5,PortfoliobyLoanType.xls,2024_Q4,2534.6
2024,Q4,Stafford Unsubsidized,recipients_mm,30.9,PortfoliobyLoanType.xls,2024_Q4,2534.6
2024,Q4,Stafford (Combined),dollars_outstanding_bn,895.9,PortfoliobyLoanType.xls,2024_Q4,2534.6
2024,Q4,Stafford (Combined),unique_recipients_mm,34.9,PortfoliobyLoanType.xls,2024_Q4,2534.6
2024,Q4,Grad PLUS,dollars_outstanding_bn,112.1,PortfoliobyLoanType.xls,2024_Q4,2534.6
2024,Q4,Grad PLUS,recipients_mm,1.8,PortfoliobyLoanType.xls,2024_Q4,2534.6
2024,Q4,Parent PLUS,dollars_outstanding_bn,110.3,PortfoliobyLoanType.xls,2024_Q4,2534.6
2024,Q4,Parent PLUS,recipients_mm,3.6,PortfoliobyLoanType.xls,2024_Q4,2534.6
2024,Q4,Perkins,dollars_outstanding_bn,3.2,PortfoliobyLoanType.xls,2024_Q4,2534.6
2024,Q4,Perkins,recipients_mm,1.0,PortfoliobyLoanType.xls,2024_Q4,2534.6
2024,Q4,Consolidation,dollars_outstanding_bn,517.2,PortfoliobyLoanType.xls,2024_Q4,2534.6
2024,Q4,Consolidation,recipients_mm,9.5,PortfoliobyLoanType.xls,2024_Q4,2534.6
2025,Q1,Stafford Subsidized,dollars_outstanding_bn,294.22484847640004,PortfoliobyLoanType.xls,2025_Q1,2536.8421630614703
2025,Q1,Stafford Subsidized,recipients_mm,30.308187,PortfoliobyLoanType.xls,2025_Q1,2536.8421630614703
2025,Q1,Stafford Unsubsidized,dollars_outstanding_bn,603.0834241009501,PortfoliobyLoanType.xls,2025_Q1,2536.8421630614703
2025,Q1,Stafford Unsubsidized,recipients_mm,31.034713,PortfoliobyLoanType.xls,2025_Q1,2536.8421630614703
2025,Q1,Stafford (Combined),dollars_outstanding_bn,897.3082725773501,PortfoliobyLoanType.xls,2025_Q1,2536.8421630614703
2025,Q1,Stafford (Combined),unique_recipients_mm,35.071034,PortfoliobyLoanType.xls,2025_Q1,2536.8421630614703
2025,Q1,Grad PLUS,dollars_outstanding_bn,112.24440857538998,PortfoliobyLoanType.xls,2025_Q1,2536.8421630614703
2025,Q1,Grad PLUS,recipients_mm,1.8279,PortfoliobyLoanType.xls,2025_Q1,2536.8421630614703
2025,Q1,Parent PLUS,dollars_outstanding_bn,110.04389385296,PortfoliobyLoanType.xls,2025_Q1,2536.8421630614703
2025,Q1,Parent PLUS,recipients_mm,3.625593,PortfoliobyLoanType.xls,2025_Q1,2536.8421630614703
2025,Q1,Perkins,dollars_outstanding_bn,3.1091423847699997,PortfoliobyLoanType.xls,2025_Q1,2536.8421630614703
2025,Q1,Perkins,recipients_mm,0.994477,PortfoliobyLoanType.xls,2025_Q1,2536.8421630614703
2025,Q1,Consolidation,dollars_outstanding_bn,516.82817309365,PortfoliobyLoanType.xls,2025_Q1,2536.8421630614703
2025,Q1,Consolidation,recipients_mm,9.357281,PortfoliobyLoanType.xls,2025_Q1,2536.8421630614703
2025,Q2,Stafford Subsidized,dollars_outstanding_bn,296.7,PortfoliobyLoanType.xls,2025_Q2,2571.1
2025,Q2,Stafford Subsidized,recipients_mm,30.1,PortfoliobyLoanType.xls,2025_Q2,2571.1
2025,Q2,Stafford Unsubsidized,dollars_outstanding_bn,613.8,PortfoliobyLoanType.xls,2025_Q2,2571.1
2025,Q2,Stafford Unsubsidized,recipients_mm,30.9,PortfoliobyLoanType.xls,2025_Q2,2571.1
2025,Q2,Stafford (Combined),dollars_outstanding_bn,910.5,PortfoliobyLoanType.xls,2025_Q2,2571.1
2025,Q2,Stafford (Combined),unique_recipients_mm,34.9,PortfoliobyLoanType.xls,2025_Q2,2571.1
2025,Q2,Grad PLUS,dollars_outstanding_bn,117.2,PortfoliobyLoanType.xls,2025_Q2,2571.1
2025,Q2,Grad PLUS,recipients_mm,1.8,PortfoliobyLoanType.xls,2025_Q2,2571.1
2025,Q2,Parent PLUS,dollars_outstanding_bn,114.3,PortfoliobyLoanType.xls,2025_Q2,2571.1
2025,Q2,Parent PLUS,recipients_mm,3.6,PortfoliobyLoanType.xls,2025_Q2,2571.1
2025,Q2,Perkins,dollars_outstanding_bn,3.0,PortfoliobyLoanType.xls,2025_Q2,2571.1
2025,Q2,Perkins,recipients_mm,1.0,PortfoliobyLoanType.xls,2025_Q2,2571.1
2025,Q2,Consolidation,dollars_outstanding_bn,515.6,PortfoliobyLoanType.xls,2025_Q2,2571.1
2025,Q2,Consolidation,recipients_mm,9.3,PortfoliobyLoanType.xls,2025_Q2,2571.1
2025,Q3,Stafford Subsidized,dollars_outstanding_bn,295.7,PortfoliobyLoanType.xls,2025_Q3,2577.4
2025,Q3,Stafford Subsidized,recipients_mm,30.0,PortfoliobyLoanType.xls,2025_Q3,2577.4
2025,Q3,Stafford Unsubsidized,dollars_outstanding_bn,616.2,PortfoliobyLoanType.xls,2025_Q3,2577.4
2025,Q3,Stafford Unsubsidized,recipients_mm,30.7,PortfoliobyLoanType.xls,2025_Q3,2577.4
2025,Q3,Stafford (Combined),dollars_outstanding_bn,911.9,PortfoliobyLoanType.xls,2025_Q3,2577.4
2025,Q3,Stafford (Combined),unique_recipients_mm,34.7,PortfoliobyLoanType.xls,2025_Q3,2577.4
2025,Q3,Grad PLUS,dollars_outstanding_bn,119.2,PortfoliobyLoanType.xls,2025_Q3,2577.4
2025,Q3,Grad PLUS,recipients_mm,1.8,PortfoliobyLoanType.xls,2025_Q3,2577.4
2025,Q3,Parent PLUS,dollars_outstanding_bn,113.1,PortfoliobyLoanType.xls,2025_Q3,2577.4
2025,Q3,Parent PLUS,recipients_mm,3.5,PortfoliobyLoanType.xls,2025_Q3,2577.4
2025,Q3,Perkins,dollars_outstanding_bn,2.9,PortfoliobyLoanType.xls,2025_Q3,2577.4
2025,Q3,Perkins,recipients_mm,0.9,PortfoliobyLoanType.xls,2025_Q3,2577.4
2025,Q3,Consolidation,dollars_outstanding_bn,518.4,PortfoliobyLoanType.xls,2025_Q3,2577.4
2025,Q3,Consolidation,recipients_mm,9.2,PortfoliobyLoanType.xls,2025_Q3,2577.4
2025,Q4,Stafford Subsidized,dollars_outstanding_bn,298.5,PortfoliobyLoanType.xls,2025_Q4,2619.3
2025,Q4,Stafford Subsidized,recipients_mm,30.3,PortfoliobyLoanType.xls,2025_Q4,2619.3
2025,Q4,Stafford Unsubsidized,dollars_outstanding_bn,627.9,PortfoliobyLoanType.xls,2025_Q4,2619.3
2025,Q4,Stafford Unsubsidized,recipients_mm,31.3,PortfoliobyLoanType.xls,2025_Q4,2619.3
2025,Q4,Stafford (Combined),dollars_outstanding_bn,926.4,PortfoliobyLoanType.xls,2025_Q4,2619.3
2025,Q4,Stafford (Combined),unique_recipients_mm,35.3,PortfoliobyLoanType.xls,2025_Q4,2619.3
2025,Q4,Grad PLUS,dollars_outstanding_bn,124.1,PortfoliobyLoanType.xls,2025_Q4,2619.3
2025,Q4,Grad PLUS,recipients_mm,1.9,PortfoliobyLoanType.xls,2025_Q4,2619.3
2025,Q4,Parent PLUS,dollars_outstanding_bn,116.0,PortfoliobyLoanType.xls,2025_Q4,2619.3
2025,Q4,Parent PLUS,recipients_mm,3.6,PortfoliobyLoanType.xls,2025_Q4,2619.3
2025,Q4,Perkins,dollars_outstanding_bn,2.8,PortfoliobyLoanType.xls,2025_Q4,2619.3
2025,Q4,Perkins,recipients_mm,0.9,PortfoliobyLoanType.xls,2025_Q4,2619.3
2025,Q4,Consolidation,dollars_outstanding_bn,523.6,PortfoliobyLoanType.xls,2025_Q4,2619.3
2025,Q4,Consolidation,recipients_mm,9.2,PortfoliobyLoanType.xls,2025_Q4,2619.3
2026,Q1,Stafford Subsidized,dollars_outstanding_bn,297.8,PortfoliobyLoanType.xls,2026_Q1,2622.8999999999996
2026,Q1,Stafford Subsidized,recipients_mm,30.3,PortfoliobyLoanType.xls,2026_Q1,2622.8999999999996
2026,Q1,Stafford Unsubsidized,dollars_outstanding_bn,628.8,PortfoliobyLoanType.xls,2026_Q1,2622.8999999999996
2026,Q1,Stafford Unsubsidized,recipients_mm,31.3,PortfoliobyLoanType.xls,2026_Q1,2622.8999999999996
2026,Q1,Stafford (Combined),dollars_outstanding_bn,926.6,PortfoliobyLoanType.xls,2026_Q1,2622.8999999999996
2026,Q1,Stafford (Combined),unique_recipients_mm,35.2,PortfoliobyLoanType.xls,2026_Q1,2622.8999999999996
2026,Q1,Grad PLUS,dollars_outstanding_bn,124.7,PortfoliobyLoanType.xls,2026_Q1,2622.8999999999996
2026,Q1,Grad PLUS,recipients_mm,1.9,PortfoliobyLoanType.xls,2026_Q1,2622.8999999999996
2026,Q1,Parent PLUS,dollars_outstanding_bn,114.9,PortfoliobyLoanType.xls,2026_Q1,2622.8999999999996
2026,Q1,Parent PLUS,recipients_mm,3.6,PortfoliobyLoanType.xls,2026_Q1,2622.8999999999996
2026,Q1,Perkins,dollars_outstanding_bn,2.8,PortfoliobyLoanType.xls,2026_Q1,2622.8999999999996
2026,Q1,Perkins,recipients_mm,0.9,PortfoliobyLoanType.xls,2026_Q1,2622.8999999999996
2026,Q1,Consolidation,dollars_outstanding_bn,527.3,PortfoliobyLoanType.xls,2026_Q1,2622.8999999999996
2026,Q1,Consolidation,recipients_mm,9.2,PortfoliobyLoanType.xls,2026_Q1,2622.8999999999996
